id,movietitle
1,Rubber
2,McLintock
3,Zoolander
4,Wedding Crashers
5,Face/Off
6,Spirit Stallion of the Cimmaron
7,Frozen 2
8,The Croods
9,Angel and the Badman
10,The Emoji Movie
11,Frozen
12,Ice Age
13,Open Season
14,Open Season 2
15,Mulan
16,Cindarella
17,Sleeping Beauty
18,Beauty and the Beast
19,Moana
20,Lion King
21,Tangled
22,Brave
23,Snow White
24,Hercules
25,Robin Hood
26,Rataouille
27,A Bugs Life
28,Finding Nemo
29,Finding Dory
30,Fox and the Hound
31,Trolls
32,Coco
33,Inside Out
34,Up
35,Lady and the Tramp
36,101 Dalmations
37,Aladdin
38,Alice in Wonderland
39,The Aristocats
40,Bambi
41,Bolt
42,Brother Bear
43,Brother Bear 2
44,Emporers New Groove
45,The Good Dinosaur
46,Home on the Range
47,The Incredibles
48,The Jungle Book
49,Monsters Inc
50,Oliver and Company
51,The Princess and the Frog
52,Tarzan
53,Zootopia
54,Wreck It Ralph
55,Home
56,Kung Fu Panda
57,Kung Fu Panda 2
58,Kung Fu Panda 3
59,Rise of the Guardians
60,How to Train Your Dragon
61,How to Train Your Dragon 2
62,Rio
63,Deadpool
64,Deadpool 2
65,Pitch Perfect
66,Pride and Prejudice
67,Angry Birds
68,Secret Life of Pets
69,The A Team
70,Sing
71,Small Foot
72,Lego Movie
73,Storks
74,Call of the Wild
75,White Fang
76,Indiana Jones
77,Men in Tights
78,Dodgeball
79,Rocky
80,Return of the King
81,The Fellowship of the Ring
82,The Two Towers
83,An Unexpected Journey
84,The Desolation of Smaug
85,The Battle of the Five Armies
86,Sherlock Homes
87,Dead Mans Chest
88,On Stranger Tides
89,The Curse of the Black Pearl
90,Dead Men Tell No Tales
91,The Good The Bad and The Ugly
92,Gladiator
93,The Phantom Menance
94,The Attack of the Clones
95,The Clone Wars
96,Revenge of the Sith
97,A New Hope
98,The Empire Strikes Back
99,Return of the Jedi
100,Mune
