id,image,actorid
1,"https://m.media-amazon.com/images/M/MV5BMjA3NDA1ODg0MV5BMl5BanBnXkFtZTcwNjE0NzkxOA@@._V1_SY1000_CR0,0,678,1000_AL_.jpg",1
2,"https://m.media-amazon.com/images/M/MV5BMDRjYmYzYmQtY2NmYy00ZjczLTg0Y2MtOGJkZjM5YzcxMDg4XkEyXkFqcGdeQXVyMjQwMDg0Ng@@._V1_SX799_CR0,0,799,999_AL_.jpg",2
3,https://m.media-amazon.com/images/M/MV5BMjI4OTQ4Nzk4OV5BMl5BanBnXkFtZTcwMjM1MTE3NA@@._V1_.jpg,3
4,https://m.media-amazon.com/images/M/MV5BYjQwMjhiZDYtMjVhZi00NmE5LWI3ZTEtZGE5OWFiOWZmODhmXkEyXkFqcGdeQXVyMjQwMDg0Ng@@._V1_SY1000_SX1000_AL_.jpg,4
5,https://m.media-amazon.com/images/M/MV5BOWZjZWViNDYtNmU2ZC00MjlkLThlNmEtMWZmZDczMDBlZDk2XkEyXkFqcGdeQXVyMzM1MjA2NDk@._V1_.jpg,5
6,https://m.media-amazon.com/images/M/MV5BMTY1NDE0NzgzNl5BMl5BanBnXkFtZTcwNDMwMTUzNw@@._V1_.jpg,6
7,https://m.media-amazon.com/images/M/MV5BMTI2OTA0ODA4MV5BMl5BanBnXkFtZTYwNjIwNzQ2._V1_.jpg,7
8,"https://m.media-amazon.com/images/M/MV5BMTQ0MzM2Mzc0Ml5BMl5BanBnXkFtZTcwMjY2NDQyOA@@._V1_SY1000_CR0,0,758,1000_AL_.jpg",8
9,"https://m.media-amazon.com/images/M/MV5BODE4ZTA4ODgtMmVmNy00M2ZjLTliMzktZDFiNTRiZmMzNzI3XkEyXkFqcGdeQXVyOTc1OTI4NDc@._V1_SY1000_CR0,0,791,1000_AL_.jpg",9
10,"https://m.media-amazon.com/images/M/MV5BMTk1NjA4NDA4N15BMl5BanBnXkFtZTcwODY2MzYxOA@@._V1_SY1000_CR0,0,687,1000_AL_.jpg",10
11,https://m.media-amazon.com/images/M/MV5BMjc4NDc3NDkzMl5BMl5BanBnXkFtZTcwMTAyNTQwMw@@._V1_.jpg,11
12,"https://m.media-amazon.com/images/M/MV5BMTgwMzQ4ODYxMV5BMl5BanBnXkFtZTcwNDAwMTc2NQ@@._V1_SY1000_CR0,0,627,1000_AL_.jpg",12
13,https://m.media-amazon.com/images/M/MV5BMTg2ODAwODE5Nl5BMl5BanBnXkFtZTcwMjA4NjYyMw@@._V1_.jpg,13
14,https://m.media-amazon.com/images/M/MV5BMTMxMDIzMDEzNF5BMl5BanBnXkFtZTcwODcxMjE2Mg@@._V1_.jpg,14
15,"https://m.media-amazon.com/images/M/MV5BNzA1Nzc4NjYwNV5BMl5BanBnXkFtZTcwNjA2NjY1Mg@@._V1_SY1000_CR0,0,790,1000_AL_.jpg",15
16,https://m.media-amazon.com/images/M/MV5BMTQ1MDA0MzE0MF5BMl5BanBnXkFtZTYwOTUzOTI4._V1_.jpg,16
17,"https://m.media-amazon.com/images/M/MV5BMTY5ODcxMDU4NV5BMl5BanBnXkFtZTcwMjAzNjQyNQ@@._V1_SY1000_CR0,0,689,1000_AL_.jpg",17
18,"https://m.media-amazon.com/images/M/MV5BMTUwNjQ0ODkxN15BMl5BanBnXkFtZTcwMDc5NjQwNw@@._V1_SY1000_CR0,0,743,1000_AL_.jpg",18
19,"https://m.media-amazon.com/images/M/MV5BMjUxMjE4MTQxMF5BMl5BanBnXkFtZTcwNzc2MDM1NA@@._V1_SY1000_CR0,0,733,1000_AL_.jpg",19
20,https://m.media-amazon.com/images/M/MV5BMTU1MjIwNTk5Ml5BMl5BanBnXkFtZTcwNjA2MzQxMw@@._V1_.jpg,20
